{
  "project_info": {
    "project_number": "194529937689",
    "project_id": "testapp-ffd42",
    "storage_bucket": "testapp-ffd42.appspot.com"
  },
  "client": [
    {
      "client_info": {
        "mobilesdk_app_id": "1:194529937689:android:aa1caa21628a738fc75d88",
        "android_client_info": {
          "package_name": "com.bester.besterems"
        }
      },
      "oauth_client": [],
      "api_key": [
        {
          "current_key": "AIzaSyDgwlT4C4R2TR0RLVwooLuSMNfKF6GCtjg"
        }
      ],
      "services": {
        "appinvite_service": {
          "other_platform_oauth_client": []
        }
      }
    },
    {
      "client_info": {
        "mobilesdk_app_id": "1:194529937689:android:2a556d7d9f0cef03c75d88",
        "android_client_info": {
          "package_name": "com.bester.besterems"
        }
      },
      "oauth_client": [],
      "api_key": [
        {
          "current_key": "AIzaSyDgwlT4C4R2TR0RLVwooLuSMNfKF6GCtjg"
        }
      ],
      "services": {
        "appinvite_service": {
          "other_platform_oauth_client": []
        }
      }
    },
    {
      "client_info": {
        "mobilesdk_app_id": "1:194529937689:android:f691b47247e065c3c75d88",
        "android_client_info": {
          "package_name": "io.flutter.ultimate.grocery.user"
        }
      },
      "oauth_client": [],
      "api_key": [
        {
          "current_key": "AIzaSyDgwlT4C4R2TR0RLVwooLuSMNfKF6GCtjg"
        }
      ],
      "services": {
        "appinvite_service": {
          "other_platform_oauth_client": []
        }
      }
    }
  ],
  "configuration_version": "1"
}